title,summary
"User Experience Researcher, Uber Freight","Our research will make the process of moving real assets and real people safer and more efficient now, and in the decades to come.Uber ATG UX Research Team is..."
Interaction Designer,"
We follow a simple but vital premise on UX teams:. The UX team plays an integral part in gathering these insights and then using them to inspire and inform..."
Design,"
Experience collaborating with UX Designers/Researchers, Engineers and Product folks, and managing contractors and vendors...."
Product Designer - UX,"
We are looking for a Product Designer to join Twilio’s Product Design team and help design the user experience of Twilio’s modern communications platform...."
UX Designer,"
Minimum 3-4 years' experience as a UI/UX designer. The User Experience Designer will be the voice on a project for MOVE Guides’s UX approach, within the project..."
Product Designer,"
At least 3 years experience as a UX, UI, Product or Graphic Designer. User test your designs and UX flows with actual users The ideal candidate has:...."
UI/UX Designer,"
UI / UX design. Calypso Technology is seeking a highly-motivated, and experienced individual to join our design team as a UI/UX designer...."
User Experience Designer,"
User Experience Designer. Collaborate on projects that span multiple disciplines, either as a lead designer, or as part of a diverse design team...."
UX Researcher & Designer,"
UX Researcher & Designer. This is our first dedicated UX position. 3+ years of experience working in UX positions...."
"UX/UI Design Intern (part-time, remote)","
Do you want to be part of an early stage tech startup, to show what you can in a real business environment? If you want to work on a real business problem"
User Experience Design Intern,"
Work closely with UX partners and product managers to ideate and define. The job of a Designer is to envision how people experience our products and bring that..."
Senior UX Designer,"Deeply understand web, mobile, and tablet UX paradigms. In addition to your daily responsibilities you enjoy mentoring junior UX designers and working deeply..."
"User Experience Researcher, Uber Freight","Our research will make the process of moving real assets and real people safer and more efficient now, and in the decades to come.Uber ATG UX Research Team is..."
Interaction Designer,"
We follow a simple but vital premise on UX teams:. The UX team plays an integral part in gathering these insights and then using them to inspire and inform..."
Design,"
Experience collaborating with UX Designers/Researchers, Engineers and Product folks, and managing contractors and vendors...."
Product Designer - UX,"
We are looking for a Product Designer to join Twilio’s Product Design team and help design the user experience of Twilio’s modern communications platform...."
UX Designer,"
Minimum 3-4 years' experience as a UI/UX designer. The User Experience Designer will be the voice on a project for MOVE Guides’s UX approach, within the project..."
Product Designer,"
At least 3 years experience as a UX, UI, Product or Graphic Designer. User test your designs and UX flows with actual users The ideal candidate has:...."
UI/UX Designer,"
UI / UX design. Calypso Technology is seeking a highly-motivated, and experienced individual to join our design team as a UI/UX designer...."
User Experience Designer,"
User Experience Designer. Collaborate on projects that span multiple disciplines, either as a lead designer, or as part of a diverse design team...."
UX Researcher & Designer,"
UX Researcher & Designer. This is our first dedicated UX position. 3+ years of experience working in UX positions...."
"UX/UI Design Intern (part-time, remote)","
Do you want to be part of an early stage tech startup, to show what you can in a real business environment? If you want to work on a real business problem"
User Experience Design Intern,"
Work closely with UX partners and product managers to ideate and define. The job of a Designer is to envision how people experience our products and bring that..."
Senior Product Designer,"Senior Product Designer. You bring together solid information architecture, rich iconography, UX patterns, and design language to build the ultimate experience...."
User Experience Design Planning Lead,UX Design Process Expertise. The ideal candidate for this role has 7+ years of experience as a successful digital visual designer in industries/roles that...
"User Experience Researcher, Uber Freight","
Our research will make the process of moving real assets and real people safer and more efficient now, and in the decades to come.Uber ATG UX Research Team is..."
Mobile UI/UX Designer,"
We are building up our team in our San Francisco office and want to hire a Mobile UI/UX Designer, where our CIO who also happens to be an Apple Design Award..."
UX Designer,"
We are currently seeking a talented mid-level User Experience Designer to join the small team that shapes the experience of our analytics applications...."
UX Engineer/Visual Designer,"
We are looking for a unique user experience and visual designer with five or more years of experience and a passion for aesthetics...."
UI Designer,"
Obsessed with the relentless pursuit of UX perfection. Help create visual representations of UX Research such as user journey maps and persona profiles...."
UX Designer,"
The UX Designer should possess exceptional visual and user interface design skills and be able to distill complex and technical user challenges into clean,..."
UX Researcher,"
You will work closely with our in-house researchers, UX designers, product managers and visual designers to ensure that the Instapage product and brand is..."
UX & UI Mobile Experience Designer,"
UX & UI Mobile Experience Designer. Partner with Product Managers to influence product design and express / own the UX strategy...."
Fjord Interaction Designer - San Francisco,"
Interaction Designer @ Fjord. Develop sound UX concepts, including the definition of customer needs, task analysis, and the creation of personas, storyboards,..."
User Experience Designer,"
Work with Visual Designers and Developers to bring concepts to life while maintaining UX best practices...."
Interaction Designer,We follow a simple but vital premise on UX teams:. The UX team plays an integral part in gathering these insights and then using them to inspire and inform...
User Experience Design Planning Lead,UX Design Process Expertise. The ideal candidate for this role has 7+ years of experience as a successful digital visual designer in industries/roles that...
Product UX / UI Designer (Contract),"
This 4 month contract role is for a part-time (20 - 30 hours per week) Product UX / UI Designer who will be responsible for two main activities:...."
Visual Design Intern,"
Baylifornia is looking for an attention-oriented, eager design intern to work directly with our team. Grow and learn with us! Requirements:  * Well-versed"
Product Designer,"
Work with Visual Designer to pull needed assets for the mocks. Partner with PM to interpret Data to come up with UX testing strategy...."
UX Visual Designer,"
UX Visual Designer. Collaborate with stakeholders to determine the feature sets and user flows...."
Product Designer,"
Contribution to technical implementation of UX. The Product Designer is responsible for creating user-centered design solutions that feature ease of use, employ..."
"User Experience Designer, Origin","
Origin - User Experience Designer. Working closely with UX leadership, product managers, and engineering to define UX and UI requirements...."
UX/UI Designer,"
We're looking for a talented User Interface + User Experience Designer to design and shape customer-centric products and experiences...."
(Contract) Web UX Designer,"
MuleSoft’s Creative Team is looking for a UX designer to guide visual designers in creating delightful and effective web experiences. About the Position:...."
"UX Designer, AWS - New Project","
The Amazon Web Services (AWS) team is looking for a Senior UX Designer to create the interaction and visual design for a new product from the very early stages...."
UX Designer,"
User Experience Designer. As a User Experience Designer, you will be executing designs for our various product offerings...."
UX Designer - Goldfish,UX Designer - Goldfish This opportunity is in Seattle WA Goldfish (a wholly owned subsidiary of Target) is seeking a UX Designer to join the team to help build...
Senior UX / UI Designer,UX/UI experience building web consumer products/services and keeps current on the latest UX design trends and developments....
Product Designer,"
Invision, UX Pin, etc.). What does a Product (UI/UX) Designer do at Handshake? Our mission is to democratize opportunity - to make it easy for any student to..."
Product UI/UX Designer,"
Credible is looking for an inspired, creative Senior Product UI/UX Designer to guide the design team in shaping the experience thousands of users have while..."
Product Designer - Wufoo,"
We’re looking for a UX designer who is passionate about creating a seamless, intuitive, beautiful web and mobile experience...."
UX / UI Designer,"
Designer, UX Designer, User Experience Designer, Digital Designer, Mobile Designer, Web Designer, Sr. We’re looking for a first-rate UX / UI Designer to lock..."
UI/UX Designer,"
We are looking for a talented UI and UX Designer to create amazing user experiences for our client’s websites...."
Principal Product Designer,"
Leading design and ux strategy. Experience mitigating with engineering and product while protecting the integrity of all design and ux principles...."
UI UX Designer,"
Are you a UI UX designer in San Francisco that likes to build things with your hands? We are searching for a talented and passionate UI/UX designer to help us..."
Product Designer,"
Create meaningful experiences by delivering UX ,UI & IxD. We’re looking for a product designer that can help Yelp conquer challenging opportunities across a..."
Associate Creative Director - Design,"
Oversees all design and UX work for the entire creative team. Associate Creative Director - Design...."
UI/Interactive Designer,"
We are seeking a talented and enthusiastic mid-level designer who can work autonomously and collaborate effectively with our UX, marketing, and product teams...."
UX Designer - Kindle Digital Products,"Min 6+ years of experience as an UX designer, researcher, or similar role. The UX designer has a deep understanding of HCI practices, UX concept validation and..."
UX Researcher,"You will work closely with our in-house researchers, UX designers, product managers and visual designers to ensure that the Instapage product and brand is..."
Product Designer,"
Invision, UX Pin, etc.). What does a Product (UI/UX) Designer do at Handshake? Our mission is to democratize opportunity - to make it easy for any student to..."
Product UI/UX Designer,"
Credible is looking for an inspired, creative Senior Product UI/UX Designer to guide the design team in shaping the experience thousands of users have while..."
Product Designer - Wufoo,"
We’re looking for a UX designer who is passionate about creating a seamless, intuitive, beautiful web and mobile experience...."
UX / UI Designer,"
Designer, UX Designer, User Experience Designer, Digital Designer, Mobile Designer, Web Designer, Sr. We’re looking for a first-rate UX / UI Designer to lock..."
UI/UX Designer,"
We are looking for a talented UI and UX Designer to create amazing user experiences for our client’s websites...."
Principal Product Designer,"
Leading design and ux strategy. Experience mitigating with engineering and product while protecting the integrity of all design and ux principles...."
UI UX Designer,"
Are you a UI UX designer in San Francisco that likes to build things with your hands? We are searching for a talented and passionate UI/UX designer to help us..."
Product Designer,"
Create meaningful experiences by delivering UX ,UI & IxD. We’re looking for a product designer that can help Yelp conquer challenging opportunities across a..."
Associate Creative Director - Design,"
Oversees all design and UX work for the entire creative team. Associate Creative Director - Design...."
UI/Interactive Designer,"
We are seeking a talented and enthusiastic mid-level designer who can work autonomously and collaborate effectively with our UX, marketing, and product teams...."
Senior UX / UI Designer,UX/UI experience building web consumer products/services and keeps current on the latest UX design trends and developments....
Interactive Designer,The Wall Street Journal is seeking a talented digital designer to join its award-winning Graphics team in New York....
Product Designer,"
Experience developing high-fidelity visual designs in partnership with UX designers. As a member of a Bina’s multidisciplinary product team, you will be..."
Product Designer,"
Experience with UX flows, lo-fi mocks, user-testing, creating personas and user research methodologies. We're seeking a passionate Product Designer to help with..."
Intern/Co Op UX Designer,"
UX Designer Job Description. Existing UX patterns and style guides. The Custom App group within IT is focused on delivering...."
UX Designer,"
Read more about the Chegg UX team here. Design / Creative / UX | San Francisco, CA, United States. As a UX Designer on the Tutors team you will be responsible..."
"Product Design Lead, Partner Tools","
Establish partnerships with Engineering & Product Management to understand Pinner pain points and develop UX solutions...."
Product Designer,"
Wish is seeking a passionate and versatile Product Designer eager to innovate in the eCommerce space. As a Product Designer, you will utilize your range of..."
UX Designer,"
We are looking for a talented UX designer who is passionate about designing modern web applications and is interested in tackling the complex problems of..."
Product Designer,"
Analyze tasks, model information, navigation, and flows using UX best practices. Zendesk is looking for a Product Designer to join the Shared Services design..."
"User Experience Design Intern, Summer 2017","
Work closely with UX partners and product managers to ideate and define. The job of a Designer is to envision how people experience our products and bring that..."
UX Designer,"
2+ years experience as a user experience designer, interaction designer, user interface designer, or similar role;..."
"User Experience Researcher, Uber Freight","Our research will make the process of moving real assets and real people safer and more efficient now, and in the decades to come.Uber ATG UX Research Team is..."
Senior UX Designer,"Deeply understand web, mobile, and tablet UX paradigms. In addition to your daily responsibilities you enjoy mentoring junior UX designers and working deeply..."
Product Designer,"
Experience developing high-fidelity visual designs in partnership with UX designers. As a member of a Bina’s multidisciplinary product team, you will be..."
Product Designer,"
Experience with UX flows, lo-fi mocks, user-testing, creating personas and user research methodologies. We're seeking a passionate Product Designer to help with..."
Intern/Co Op UX Designer,"
UX Designer Job Description. Existing UX patterns and style guides. The Custom App group within IT is focused on delivering...."
UX Designer,"
Read more about the Chegg UX team here. Design / Creative / UX | San Francisco, CA, United States. As a UX Designer on the Tutors team you will be responsible..."
"Product Design Lead, Partner Tools","
Establish partnerships with Engineering & Product Management to understand Pinner pain points and develop UX solutions...."
Product Designer,"
Wish is seeking a passionate and versatile Product Designer eager to innovate in the eCommerce space. As a Product Designer, you will utilize your range of..."
UX Designer,"
We are looking for a talented UX designer who is passionate about designing modern web applications and is interested in tackling the complex problems of..."
Product Designer,"
Analyze tasks, model information, navigation, and flows using UX best practices. Zendesk is looking for a Product Designer to join the Shared Services design..."
"User Experience Design Intern, Summer 2017","
Work closely with UX partners and product managers to ideate and define. The job of a Designer is to envision how people experience our products and bring that..."
UX Designer,"
2+ years experience as a user experience designer, interaction designer, user interface designer, or similar role;..."
"Interaction Design, UX Mobile-A3 Innovation Labs","Y ou are an experienced product designer in high-growth, small- and medium-sized businesses with a specific focus on building innovative product solutions that..."
UX Designer (HTML/CSS) AMS - Relocation to Amsterdam,"UX Designer (HTML/CSS). You are a successful Designer, but you like to measure your success with data and learn from it every day...."
Service Experience Designer,"
Service Experience Designer. As a Service Designer you will:. Experience in UX design and core service design methods and processes...."
UX Designer/ Head of Product,"
As Stride’s UX Designer and head of product, you will work with the CEO and a team of developers to create and improve engaging and satisfying user experiences..."
UI/UX Designer,"
We are looking for a talented UI Designer to create amazing user experiences. The ideal candidate should have an eye for clean and artful design, possess..."
UX Designer,"
Our client, a well known digital agency in the Bay Area, needs a stellar UX Designer with awesome research and concepting skills to join their team!..."
UX Designer,"
Portfolio of work samples showcasing UX design work. We are a nimble, fast moving team, and as a UX Designer at Hearsay you will have the opportunity to..."
Industrial Designer User Experience,"
Senior User Experience Product Designer at OpenDNS. As a UX Product Designer you will work closely with Product Managers and Engineering teams to conceptualize,..."
Creative Director - Developer Marketing,"
Creating a new brand, identity, and voice for the developer program Overhauling the developer website from a UX and design standpoint Overseeing all creative..."
Senior UX / UI Designer,"
UX/UI experience building web consumer products/services and keeps current on the latest UX design trends and developments...."
UX/UI Designer,"
5+ years of UX/UI Designer experience with a strong portfolio, available for viewing, demonstrating both great sense of UX and visual design across mobile and..."
Web UX/UI Designer,"
As a Senior UX Designer, you will own and be accountable for the user experience of a new Office365 Content Management site for one of our strategic customers...."
UI/UX Designer,"We are looking for a talented UI Designer to create amazing user experiences. The ideal candidate should have an eye for clean and artful design, possess..."
Lead UI Engineer,"We're looking for someone who values their craft and is excited to be a part of our collaborative, challenge solving culture. Kiip's mission is to be the"
UI/UX Designer- Unity Analytics,"
Unity Technologies is looking for a UX Designer with a passion for analytics and data visualizations. Unity Technologies is the creator of Unity, a high..."
UX Designer,"
At least 2 years of experience as a user experience designer, interaction designer, or similar role. Experience defining and maintaining design patterns and UX..."
Senior UI/UX Designer,"
At least 5+ years experience as a UX designer. As ValiMail’s first UI/UX designer, you are a self starter who thrives in fast-paced and dynamic startup..."
Product Designer (Visual),"
A Prolific Designer. By working closely with a UX Designer and the Development team, you never kiss your designs goodbye and hope for the best;..."
Senior UX Designer,"
Deeply understand web, mobile, and tablet UX paradigms. In addition to your daily responsibilities you enjoy mentoring junior UX designers and working deeply..."
UX Designer,"
The UX Designer serves a UX champion at the agency by forming relationships with internal team members and with clients at all levels...."
UI/UX Designer,"
Minimum 3 years experience as a UX or UI designer, preferably on games or consumer-facing digital products. Wavedash Games is seeking a multidiscipline designer..."
UX/UI Designer,"
We’re looking for a contract web designer with strong e-commerce experience to build and improve beautiful user experiences on Huckberry...."
Senior UI/UX Designer,"
At least 5+ years experience as a UX designer. We are seeking an experienced Senior UI/UX designer who will own the end-to-end design function and define the..."
UI/UX Designer,"
Representing UX best practices and defining new patterns/functionality when needed. UX strategy, information architecture, interaction design and visual/UI..."
Visual Designer,"We follow a simple but vital premise in the UX group:. As a Visual Designer, you’ll delight users with designs that inspire, engage and excite them...."
"Senior Director, User Experience Operations","The Senior Director, UX Operations. The UX Design team is creating user experiences for customers who shop online on our sites from their desktops and mobile..."
"UI/UX Designer, Proprietary Content","
Are you our Star Designer? You will impact all aspects of the product lifecycle by conducting user research, creating user flows, designing high-fidelity..."
Staff UX Designer,"
Visa is looking for talented Staff UX designer to join our team. You are an accomplished UX designer who is fluent with digital experiences across platforms...."
Jr. UI/UX Designer,"
Communication is a big part of the job - the junior designer must be confident enough to contribute immediately Continuously work with multiple stakeholders,..."
UI Designer,"
Obsessed with the relentless pursuit of UX perfection. Help create visual representations of UX Research such as user journey maps and persona profiles...."
UX Designer,"
User Experience Designer (3-5 years’ experience) – Seeks to expand their growing skills in UX design, works to understand our clients’ businesses and our..."
UI/UX Designer,"
Has 5-7 years of UI/UX design experience (and the portfolio to back it up) as a key, hands-on interaction/visual designer. What we can offer you...."
UI/UX Designer,"
Swirl is seeking a talented UI/UX Designer to join our rapidly growing team. The UI/UX Designer will work collaboratively with Creative, Technology, and Account..."
Fjord Visual Designer (D2) - San Francisco,"
Visual Designer @ Fjord Key Responsibilities:. Develop sound UX concepts, including the definition of customer needs, task analysis, and the creation of..."
Lead Designer,"
5+ years work experience as a designer. Develops relevant UX strategies and designs by collecting business needs from one or more stakeholders while considering..."
Senior UX/Product Designer,"
As a designer, you will have an outsized influence in this process. We’re looking for a talented senior UX/product designer who enjoys working on small teams...."
UX Designer (HTML/CSS) AMS - Relocation to Amsterdam,"UX Designer (HTML/CSS). You are a successful Designer, but you like to measure your success with data and learn from it every day...."
Visual Designer,"We follow a simple but vital premise in the UX group:. As a Visual Designer, you’ll delight users with designs that inspire, engage and excite them...."
"User Experience Researcher, Uber Freight","
Our research will make the process of moving real assets and real people safer and more efficient now, and in the decades to come.Uber ATG UX Research Team is..."
Mobile UI/UX Designer,"
We are building up our team in our San Francisco office and want to hire a Mobile UI/UX Designer, where our CIO who also happens to be an Apple Design Award..."
UX Designer,"
We are currently seeking a talented mid-level User Experience Designer to join the small team that shapes the experience of our analytics applications...."
UX Engineer/Visual Designer,"
We are looking for a unique user experience and visual designer with five or more years of experience and a passion for aesthetics...."
UI Designer,"
Obsessed with the relentless pursuit of UX perfection. Help create visual representations of UX Research such as user journey maps and persona profiles...."
UX Designer,"
The UX Designer should possess exceptional visual and user interface design skills and be able to distill complex and technical user challenges into clean,..."
UX Researcher,"
You will work closely with our in-house researchers, UX designers, product managers and visual designers to ensure that the Instapage product and brand is..."
UX & UI Mobile Experience Designer,"
UX & UI Mobile Experience Designer. Partner with Product Managers to influence product design and express / own the UX strategy...."
Fjord Interaction Designer - San Francisco,"
Interaction Designer @ Fjord. Develop sound UX concepts, including the definition of customer needs, task analysis, and the creation of personas, storyboards,..."
User Experience Designer,"
Work with Visual Designers and Developers to bring concepts to life while maintaining UX best practices...."
"User Experience Researcher, Uber Freight","Our research will make the process of moving real assets and real people safer and more efficient now, and in the decades to come.Uber ATG UX Research Team is..."
Senior UX / UI Designer,UX/UI experience building web consumer products/services and keeps current on the latest UX design trends and developments....
Product UX / UI Designer (Contract),"
This 4 month contract role is for a part-time (20 - 30 hours per week) Product UX / UI Designer who will be responsible for two main activities:...."
Visual Design Intern,"
Baylifornia is looking for an attention-oriented, eager design intern to work directly with our team. Grow and learn with us! Requirements:  * Well-versed"
Product Designer,"
Work with Visual Designer to pull needed assets for the mocks. Partner with PM to interpret Data to come up with UX testing strategy...."
UX Visual Designer,"
UX Visual Designer. Collaborate with stakeholders to determine the feature sets and user flows...."
Product Designer,"
Contribution to technical implementation of UX. The Product Designer is responsible for creating user-centered design solutions that feature ease of use, employ..."
"User Experience Designer, Origin","
Origin - User Experience Designer. Working closely with UX leadership, product managers, and engineering to define UX and UI requirements...."
UX/UI Designer,"
We're looking for a talented User Interface + User Experience Designer to design and shape customer-centric products and experiences...."
(Contract) Web UX Designer,"
MuleSoft’s Creative Team is looking for a UX designer to guide visual designers in creating delightful and effective web experiences. About the Position:...."
"UX Designer, AWS - New Project","
The Amazon Web Services (AWS) team is looking for a Senior UX Designer to create the interaction and visual design for a new product from the very early stages...."
UX Designer,"
User Experience Designer. As a User Experience Designer, you will be executing designs for our various product offerings...."
"User Experience Researcher, Uber Freight","Our research will make the process of moving real assets and real people safer and more efficient now, and in the decades to come.Uber ATG UX Research Team is..."
Senior Product Designer,"Senior Product Designer. You bring together solid information architecture, rich iconography, UX patterns, and design language to build the ultimate experience...."
"UI/UX Designer, Proprietary Content","
Are you our Star Designer? You will impact all aspects of the product lifecycle by conducting user research, creating user flows, designing high-fidelity..."
Staff UX Designer,"
Visa is looking for talented Staff UX designer to join our team. You are an accomplished UX designer who is fluent with digital experiences across platforms...."
Jr. UI/UX Designer,"
Communication is a big part of the job - the junior designer must be confident enough to contribute immediately Continuously work with multiple stakeholders,..."
UI Designer,"
Obsessed with the relentless pursuit of UX perfection. Help create visual representations of UX Research such as user journey maps and persona profiles...."
UX Designer,"
User Experience Designer (3-5 years’ experience) – Seeks to expand their growing skills in UX design, works to understand our clients’ businesses and our..."
UI/UX Designer,"
Has 5-7 years of UI/UX design experience (and the portfolio to back it up) as a key, hands-on interaction/visual designer. What we can offer you...."
UI/UX Designer,"
Swirl is seeking a talented UI/UX Designer to join our rapidly growing team. The UI/UX Designer will work collaboratively with Creative, Technology, and Account..."
Fjord Visual Designer (D2) - San Francisco,"
Visual Designer @ Fjord Key Responsibilities:. Develop sound UX concepts, including the definition of customer needs, task analysis, and the creation of..."
Lead Designer,"
5+ years work experience as a designer. Develops relevant UX strategies and designs by collecting business needs from one or more stakeholders while considering..."
Senior UX/Product Designer,"
As a designer, you will have an outsized influence in this process. We’re looking for a talented senior UX/product designer who enjoys working on small teams...."
Senior UX Designer,"Deeply understand web, mobile, and tablet UX paradigms. In addition to your daily responsibilities you enjoy mentoring junior UX designers and working deeply..."
Interaction Designer,We follow a simple but vital premise on UX teams:. The UX team plays an integral part in gathering these insights and then using them to inspire and inform...
UX Designer,"
Portfolio of work samples showcasing UX design work. We are a nimble, fast moving team, and as a UX Designer at Hearsay you will have the opportunity to..."
Digital Designer,"
Digital Designer- Brilliant Earth. The aesthetic of the Digital Designer should be polished and fashion forward but approachable...."
Senior User Experience Designer,"
Solid understanding of usability, UX, UI, interaction design, HCI principles, and motion design. User experience, research, and analysis to solve UX design..."
Senior UX Designer,"
Ingenio needs a savvy UI / UX Designer that can lead the user experience and design of our mobile and web applications...."
Product Designer,"
You’re familiar with best practices in UX, information architecture, and software product development. We’re looking for a Product Designer to join our team of..."
User Experience Designer,"
User Experience Designer. The candidate is a hands-on UX designer and will be responsible for delivering the full stack of user experience design deliverables,..."
Visual Designer/ Prototyper (Contract),"
Experience designing animations for UX. You will collaborate with a cross-functional team across geographies and report to the Senior UX Manager...."
Senior UX Designer,"
Senior UX Designer. Senior UX/UI (Product) Designer. Experience working in agile/lean UX in-house environments...."
UX Designer,"
3-5 years UX/UI experience building web consumer products/services and keeps current on the latest UX design trends and developments...."
Visual Designer,"
We are seeking a talented and enthusiastic mid-level designer who can work autonomously and collaborate effectively with our UX, marketing, and product teams...."
"Senior Designer, User Experience",The UX Design team is creating user experiences for customers who shop online on our sites from their desktops and mobile devices....
User Experience Design Planning Lead,UX Design Process Expertise. The ideal candidate for this role has 7+ years of experience as a successful digital visual designer in industries/roles that...
UX Designer,"
Portfolio of work samples showcasing UX design work. We are a nimble, fast moving team, and as a UX Designer at Hearsay you will have the opportunity to..."
Digital Designer,"
Digital Designer- Brilliant Earth. The aesthetic of the Digital Designer should be polished and fashion forward but approachable...."
Senior User Experience Designer,"
Solid understanding of usability, UX, UI, interaction design, HCI principles, and motion design. User experience, research, and analysis to solve UX design..."
Senior UX Designer,"
Ingenio needs a savvy UI / UX Designer that can lead the user experience and design of our mobile and web applications...."
Product Designer,"
You’re familiar with best practices in UX, information architecture, and software product development. We’re looking for a Product Designer to join our team of..."
User Experience Designer,"
User Experience Designer. The candidate is a hands-on UX designer and will be responsible for delivering the full stack of user experience design deliverables,..."
Visual Designer/ Prototyper (Contract),"
Experience designing animations for UX. You will collaborate with a cross-functional team across geographies and report to the Senior UX Manager...."
Senior UX Designer,"
Senior UX Designer. Senior UX/UI (Product) Designer. Experience working in agile/lean UX in-house environments...."
UX Designer,"
3-5 years UX/UI experience building web consumer products/services and keeps current on the latest UX design trends and developments...."
Visual Designer,"
We are seeking a talented and enthusiastic mid-level designer who can work autonomously and collaborate effectively with our UX, marketing, and product teams...."
Mid to Senior Product UI / UX Designers,"UX:. Minimum 2 years of UX or you’re really good. As a Momentum Design Lab Product UI/UX Designer, you’ll ensure the work we produce is effective and..."
UI/UX Designer,"We are looking for a talented UI Designer to create amazing user experiences. The ideal candidate should have an eye for clean and artful design, possess..."
UX/UI Designer,"
Our Senior UX/UI Designer has a unique perspective on what makes the everyday user tick. We are seeking a passionate, and uniquely talented Senior UX/UI..."
UX Researcher,"
Color is looking for a senior UX researcher to guide, inform, and execute on our product strategy. Collaborate with designers, engineers, and product managers..."
UX Designer,"
Document and communicate UX decisions with team members throughout the process. We believe in an iterative, fast-moving design process and are looking for a..."
Principal User Experience Designer,"
Principal User Experience Designer. A passion for great UX design and how it impacts user experience, loyalty, and delight...."
Visual Designer,"
You are a Visual Designer that showcases a sampling of impeccable visual hierarchy, typography, layout, iconography, marketing communications, and branding...."
"Product Designer, Content Solutions","
We are looking for a designer that can own multiple facets of the design process, such as UX research, interaction design, prototyping, and visual design...."
UI/UX Product Designer,"
The role of UI/UX Product Designer is very cross-functional at Propeller. The ideal candidate will be an motivated designer who is passionate about what you..."
Product Designer,"
Visual design background as well as experience in a UX Designer role for a user-centric product company. We are now building the ""Next Generation"" of 90 Seconds..."
UX Designer,"
We’re looking for a world-class UX Designer. We have an opportunity for a stellar UX Designer to join our growing cross-discipline team...."
"Brand, UI/UX Designer for Nutrition Startup","
This growth requires optimizing our website, and for that, we're looking for an amazing front-end web designer...."
Lead UI Engineer,"We're looking for someone who values their craft and is excited to be a part of our collaborative, challenge solving culture. Kiip's mission is to be the"
"Senior Designer, User Experience",The UX Design team is creating user experiences for customers who shop online on our sites from their desktops and mobile devices....
UX Designer,"
It's a great team at a great company, and we have high expectations of our next UX Designer. 1-Page has an immediate job opening for a UX Designer to work on a..."
User Experience Design Planning Lead,"
UX Design Process Expertise. The ideal candidate for this role has 7+ years of experience as a successful digital visual designer in industries/roles that..."
Director of Web & Experiential Design,"
As a creative Web/UX designer at Obscura, you will help to concept, design, prototype, and communicate a wide variety of experiences ranging from passive to..."
UX Designer,"
You will be working as a UX Designer for one of our clients based in San Mateo, CA. San Mateo, CA...."
Data Visualization Designer,"
A highly-motivated, self-directed, detail-oriented designer who is not afraid to tackle complex assignments; TruValue Labs is looking for a Data Visualization..."
Interactive Designer,"
The Wall Street Journal is seeking a talented digital designer to join its award-winning Graphics team in New York...."
Web Designer,"
The Web Designer position is a full time, digital position. Cumulus Media San Francisco is hiring a full time Web Designer for our stations KNBR, KFOG, 107.7..."
Mobile UI/UX Designer,"
Create UX artifacts in support of product development. Collaborate with product manager (Lead Developer) to define the user interaction and UX features;..."
Design Intern,"
Landor is constantly seeking talent year round for an amazing Graphic Design Intern experience! Landor offers paid internships that will last approximately"
UX Designer (Contractor),"
We currently have an exciting contract opportunity available for a UX designer to be based in our San Francisco office...."
Principal Product UI / UX Designer (Fulltime & Contract),"UX:. Minimum 5 years of UX or you’re really good. As a Momentum Design Lab Principal Product UI/UX Designer, you’ll ensure the work we produce is effective..."
Senior Product Designer,"Senior Product Designer. You bring together solid information architecture, rich iconography, UX patterns, and design language to build the ultimate experience...."
UX Designer,"
The Amazon Engagement Design Group seeks an innovative and highly motivated Senior Designer to invent cross-device shopping experiences:...."
Fjord Senior Interaction Designer - San Francisco,"
Senior Interaction Designer @ Fjord KEY RESPONSIBILITIES:. Develop sound UX concepts, including the definition of customer needs, task analysis, and the..."
Senior UI/UX Designer,"
UX:. Senior UI/UX Designer*. At least 5+ years experience as a UX designer.Strong knowledge of design methodologies and usability principles.Able to demonstrate..."
Product Designer,"
3+ years experience as a Product Designer, UX/UI Designer or UX Visual Designer with success delivering top-notch brand experiences with complex interactive..."
Product Designer,"
UX sensibility and exceptional eye for detail. We’re looking for a Product Designer who is committed to excellence and ready to break new ground in..."
UX Engineer,"
Samba TV is looking for a world-class UX Engineer. Help us build out and evolve our design system and ux patterns as we scale across multiple platforms (web,..."
UX Designer,"
Leverage existing UX patterns and style guides - Support engineering and conduct visual QA during development Qualifications • Bachelor's Degree in a discipline..."
Digital Designer,"
We’re looking for a full­time digital designer to join our team and dive into a wide variety of online projects for our client list of high ­profile national..."
UX Designer,"
Year Founded: 2005 # of employees: 10 engineers, 100 people Location: San Francisco Current Co. revenue/funding: Private, Profitable, VC backed. We have"
Sr. Product Designer,"
HelloSign is looking for an experienced UX designer to join our Product team. We’re already well-known for a UX that makes getting documents signed incredibly..."
"User Experience Researcher, Uber Freight","Our research will make the process of moving real assets and real people safer and more efficient now, and in the decades to come.Uber ATG UX Research Team is..."
UX Designer,Long term Contract Our client’s innovative R&D team is seeking a mid-level User Experience Designer If you thrive working with new products and enjoy a very...
Service Experience Designer,"
Service Experience Designer. As a Service Designer you will:. Experience in UX design and core service design methods and processes...."
UX Designer/ Head of Product,"
As Stride’s UX Designer and head of product, you will work with the CEO and a team of developers to create and improve engaging and satisfying user experiences..."
UI/UX Designer,"
We are looking for a talented UI Designer to create amazing user experiences. The ideal candidate should have an eye for clean and artful design, possess..."
UX Designer,"
Our client, a well known digital agency in the Bay Area, needs a stellar UX Designer with awesome research and concepting skills to join their team!..."
UX Designer,"
Portfolio of work samples showcasing UX design work. We are a nimble, fast moving team, and as a UX Designer at Hearsay you will have the opportunity to..."
Industrial Designer User Experience,"
Senior User Experience Product Designer at OpenDNS. As a UX Product Designer you will work closely with Product Managers and Engineering teams to conceptualize,..."
Creative Director - Developer Marketing,"
Creating a new brand, identity, and voice for the developer program Overhauling the developer website from a UX and design standpoint Overseeing all creative..."
Senior UX / UI Designer,"
UX/UI experience building web consumer products/services and keeps current on the latest UX design trends and developments...."
UX/UI Designer,"
5+ years of UX/UI Designer experience with a strong portfolio, available for viewing, demonstrating both great sense of UX and visual design across mobile and..."
Web UX/UI Designer,"
As a Senior UX Designer, you will own and be accountable for the user experience of a new Office365 Content Management site for one of our strategic customers...."
Senior UX Designer,"Deeply understand web, mobile, and tablet UX paradigms. In addition to your daily responsibilities you enjoy mentoring junior UX designers and working deeply..."
"Senior Director, User Experience Operations","The Senior Director, UX Operations. The UX Design team is creating user experiences for customers who shop online on our sites from their desktops and mobile..."
UI/UX Designer- Unity Analytics,"
Unity Technologies is looking for a UX Designer with a passion for analytics and data visualizations. Unity Technologies is the creator of Unity, a high..."
UX Designer,"
At least 2 years of experience as a user experience designer, interaction designer, or similar role. Experience defining and maintaining design patterns and UX..."
Senior UI/UX Designer,"
At least 5+ years experience as a UX designer. As ValiMail’s first UI/UX designer, you are a self starter who thrives in fast-paced and dynamic startup..."
Product Designer (Visual),"
A Prolific Designer. By working closely with a UX Designer and the Development team, you never kiss your designs goodbye and hope for the best;..."
Senior UX Designer,"
Deeply understand web, mobile, and tablet UX paradigms. In addition to your daily responsibilities you enjoy mentoring junior UX designers and working deeply..."
UX Designer,"
The UX Designer serves a UX champion at the agency by forming relationships with internal team members and with clients at all levels...."
UI/UX Designer,"
Minimum 3 years experience as a UX or UI designer, preferably on games or consumer-facing digital products. Wavedash Games is seeking a multidiscipline designer..."
UX/UI Designer,"
We’re looking for a contract web designer with strong e-commerce experience to build and improve beautiful user experiences on Huckberry...."
Senior UI/UX Designer,"
At least 5+ years experience as a UX designer. We are seeking an experienced Senior UI/UX designer who will own the end-to-end design function and define the..."
UI/UX Designer,"
Representing UX best practices and defining new patterns/functionality when needed. UX strategy, information architecture, interaction design and visual/UI..."
Visual Design and UX Manager,8+ years of experience in UX Design. About the Visual Design and UX Manager Position. Study.com is looking for an experienced Visual Design and UX Manager that...
UI/UX Designer,"We are looking for a talented UI Designer to create amazing user experiences. The ideal candidate should have an eye for clean and artful design, possess..."
UX Designer,"
The Amazon Engagement Design Group seeks an innovative and highly motivated Senior Designer to invent cross-device shopping experiences:...."
Fjord Senior Interaction Designer - San Francisco,"
Senior Interaction Designer @ Fjord KEY RESPONSIBILITIES:. Develop sound UX concepts, including the definition of customer needs, task analysis, and the..."
Senior UI/UX Designer,"
UX:. Senior UI/UX Designer*. At least 5+ years experience as a UX designer.Strong knowledge of design methodologies and usability principles.Able to demonstrate..."
Product Designer,"
3+ years experience as a Product Designer, UX/UI Designer or UX Visual Designer with success delivering top-notch brand experiences with complex interactive..."
Product Designer,"
UX sensibility and exceptional eye for detail. We’re looking for a Product Designer who is committed to excellence and ready to break new ground in..."
UX Engineer,"
Samba TV is looking for a world-class UX Engineer. Help us build out and evolve our design system and ux patterns as we scale across multiple platforms (web,..."
UX Designer,"
Leverage existing UX patterns and style guides - Support engineering and conduct visual QA during development Qualifications • Bachelor's Degree in a discipline..."
Digital Designer,"
We’re looking for a full­time digital designer to join our team and dive into a wide variety of online projects for our client list of high ­profile national..."
UX Designer,"
Year Founded: 2005 # of employees: 10 engineers, 100 people Location: San Francisco Current Co. revenue/funding: Private, Profitable, VC backed. We have"
Sr. Product Designer,"
HelloSign is looking for an experienced UX designer to join our Product team. We’re already well-known for a UX that makes getting documents signed incredibly..."
Mid to Senior Product UI / UX Designers,"UX:. Minimum 2 years of UX or you’re really good. As a Momentum Design Lab Product UI/UX Designer, you’ll ensure the work we produce is effective and..."
Senior UX Designer,"Deeply understand web, mobile, and tablet UX paradigms. In addition to your daily responsibilities you enjoy mentoring junior UX designers and working deeply..."
"Product Designer, UI/UX","
Product Designer, UI/UX, Kanjoya San Francisco Ca. We are looking for a product designer to push the boundaries in an enterprise-application environment with a..."
Product Designer,"
Design thinking - You’ve probably been a product designer, or you’ve worked extensively in UI, UX, and IX, but TBH you’re a visual whiz at heart and are excited..."
UX/UI Design Intern (Summer 2017),"
Alation was founded in 2012 when a PhD engineer from Google, a designer from Apple , and an executive from Oracle teamed up to help people to connect with the..."
Sr. Mobile UX Designer,"
We are looking for a Senior Mobile UX Designer to join our growing UX team at our San Francisco office. Mentor other mobile UX designers with UX best practices,..."
UX Designer,"
We are looking for a designer to join our product team. 2+ years designing products for web and mobile platforms...."
"Product Design, IGN","
We are hiring more than one designer, and are prepared to discuss Junior and Senior titles according to experience & ambition...."
Motion Designer,"
Collaborate seamlessly with UX designers, visual designers, and engineers on the Product and Marketing teams to create highly polished visual experiences...."
Lead Experience Designer,"
Be articulate and persuasive about best practices in ux design. Experience Designer to lead the design vision and direction for shared customer experiences..."
Product Designer (Web & Mobile),"
We're looking for a product designer to create modern and great looking designs across all our web and mobile products...."
UX Designer,"
We’re looking for a world-class UX designer to help us continue on our hyper-growth trajectory and shape the future of Talkdesk...."
User Experience Design Planning Lead,UX Design Process Expertise. The ideal candidate for this role has 7+ years of experience as a successful digital visual designer in industries/roles that...
Senior UX Designer,"Deeply understand web, mobile, and tablet UX paradigms. In addition to your daily responsibilities you enjoy mentoring junior UX designers and working deeply..."
"Product Designer, UI/UX","
Product Designer, UI/UX, Kanjoya San Francisco Ca. We are looking for a product designer to push the boundaries in an enterprise-application environment with a..."
Product Designer,"
Design thinking - You’ve probably been a product designer, or you’ve worked extensively in UI, UX, and IX, but TBH you’re a visual whiz at heart and are excited..."
UX/UI Design Intern (Summer 2017),"
Alation was founded in 2012 when a PhD engineer from Google, a designer from Apple , and an executive from Oracle teamed up to help people to connect with the..."
Sr. Mobile UX Designer,"
We are looking for a Senior Mobile UX Designer to join our growing UX team at our San Francisco office. Mentor other mobile UX designers with UX best practices,..."
UX Designer,"
We are looking for a designer to join our product team. 2+ years designing products for web and mobile platforms...."
"Product Design, IGN","
We are hiring more than one designer, and are prepared to discuss Junior and Senior titles according to experience & ambition...."
Motion Designer,"
Collaborate seamlessly with UX designers, visual designers, and engineers on the Product and Marketing teams to create highly polished visual experiences...."
Lead Experience Designer,"
Be articulate and persuasive about best practices in ux design. Experience Designer to lead the design vision and direction for shared customer experiences..."
Product Designer (Web & Mobile),"
We're looking for a product designer to create modern and great looking designs across all our web and mobile products...."
UX Designer,"
We’re looking for a world-class UX designer to help us continue on our hyper-growth trajectory and shape the future of Talkdesk...."
UX Designer - Goldfish,UX Designer - Goldfish This opportunity is in Seattle WA Goldfish (a wholly owned subsidiary of Target) is seeking a UX Designer to join the team to help build...
Senior UX Designer,"Deeply understand web, mobile, and tablet UX paradigms. In addition to your daily responsibilities you enjoy mentoring junior UX designers and working deeply..."
Product Designer (UX/UI),"
Product Designer (UX/UI). LSQ is seeking an exceptionally talented and innovative Product Designer to join the team!..."
Visual User Interface Designer,"
Formal education and experience in visual, interactive, or UX design. We have an exciting opportunity for a Visual User Interface (UI) Designer to join our team..."
UI/ UX Designer,"
Our lifestyle / luxury client needs a Web Designer to join their team! The look and feel is clean, modern and fresh and corporate in nature, and the ideal..."
Visual Designer,"
Understanding of human centered design and UX practices. Interest in partnering with UX designers on user research, journey maps and user flows...."
"Content Strategist, User Experience","
The UX Design team is creating user experiences for customers who shop online on our sites from their desktops and mobile devices...."
Mid-Level Designer,"
Senior-level designer to join us. Crazy-impressive portfolio of design work across UX, web,. Send us an email to jobs@teaksf.com with ""Your Name- Designer"" in..."
UI Developer,"
Working alongside UX designers and Software Engineers you will implement UI designs into fully functioning experiences...."
Senior UI/UX Designer,"
Degree in HCI, Design, or equivalent experience as a UX/Interaction Designer. Collaborate with cross-functional teams to create fresh, logical, readable, and..."
Senior Product Designer,"
Broad experience with UX, visual design, branding, information architecture and usability research. WHO WE ARE...."
Product Designer,"
Well-versed in modern visual and UX patterns, but knows when and how to break out. SchoolMint has an in-depth and complex product to solve all the operational..."
Senior UX / UI Designer,UX/UI experience building web consumer products/services and keeps current on the latest UX design trends and developments....
Senior UX Designer,"Deeply understand web, mobile, and tablet UX paradigms. In addition to your daily responsibilities you enjoy mentoring junior UX designers and working deeply..."
Product Designer,"
Work closely with our product team to improve the experience of Benchling, both UX and UI-wise. We’re seeking a lead product designer who is passionate about..."
Senior Designer,"
4 years of experience as a visual designer, graphic designer or similar role. We are looking for a graphic designer with a strategic brain and the ability to..."
UX Design Developer,"
To learn more about us, please visit our UX team site:. Are you a well-rounded designer looking to join a high-performing Design team where your impact will be..."
Sr. UX Designer,"
You will partner with product and business owners to define UX and design requirements. Mondo, the nation's premier Digital Marketing and IT resourcing agency.*..."
UX Designer,"
This UX designer will be designing user interfaces for both web and mobile, for shopping and engagement...."
UX Designer,"
Amaris is looking for a UX Designer to join our team in the Bay Area. Create new UX concepts that explore key areas of the client’s user journey with a primary..."
UX Designer - Kindle Digital Products,"
Min 6+ years of experience as an UX designer, researcher, or similar role. The UX designer has a deep understanding of HCI practices, UX concept validation and..."
UI/UX Designer,"
As a UI/UX Designer, you will…. Excellent UX, UI, and graphic design skills that you can demonstrate through your portfolio...."
Sr. Product Designer,"
Product Designer to drive the user experience vision for UserTesting. We're looking for a Sr...."
Interaction Design + UX,"
Work closely with UX partners and product managers to ideate and define. The job of a Designer is to envision how people experience our products and bring that..."
Design Engineer,WHAT YOU’LL DODeliver engaging experiences using the latest in front-end technologies.Create detailed prototypes and web experiences focusing on elevating the...
Junior UI/UX Designer,"Junior UI/UX Designer. In this role, you’ll be responsible for partnering with UX Researchers to design and help conduct research studies, everything from user..."
UX/UI Designer,"
Our Senior UX/UI Designer has a unique perspective on what makes the everyday user tick. We are seeking a passionate, and uniquely talented Senior UX/UI..."
UX Researcher,"
Color is looking for a senior UX researcher to guide, inform, and execute on our product strategy. Collaborate with designers, engineers, and product managers..."
UX Designer,"
Document and communicate UX decisions with team members throughout the process. We believe in an iterative, fast-moving design process and are looking for a..."
Principal User Experience Designer,"
Principal User Experience Designer. A passion for great UX design and how it impacts user experience, loyalty, and delight...."
Visual Designer,"
You are a Visual Designer that showcases a sampling of impeccable visual hierarchy, typography, layout, iconography, marketing communications, and branding...."
"Product Designer, Content Solutions","
We are looking for a designer that can own multiple facets of the design process, such as UX research, interaction design, prototyping, and visual design...."
UI/UX Product Designer,"
The role of UI/UX Product Designer is very cross-functional at Propeller. The ideal candidate will be an motivated designer who is passionate about what you..."
Product Designer,"
Visual design background as well as experience in a UX Designer role for a user-centric product company. We are now building the ""Next Generation"" of 90 Seconds..."
UX Designer,"
We’re looking for a world-class UX Designer. We have an opportunity for a stellar UX Designer to join our growing cross-discipline team...."
"Brand, UI/UX Designer for Nutrition Startup","
This growth requires optimizing our website, and for that, we're looking for an amazing front-end web designer...."
"Director, Behavioral Design",The UX Design team is creating user experiences for customers who shop online on our sites from their desktops and mobile devices....
Interaction Designer,UX Interaction Designer/Architect Type:. Long Term Contract Location:....
UX Designer,"
It's a great team at a great company, and we have high expectations of our next UX Designer. 1-Page has an immediate job opening for a UX Designer to work on a..."
User Experience Design Planning Lead,"
UX Design Process Expertise. The ideal candidate for this role has 7+ years of experience as a successful digital visual designer in industries/roles that..."
Director of Web & Experiential Design,"
As a creative Web/UX designer at Obscura, you will help to concept, design, prototype, and communicate a wide variety of experiences ranging from passive to..."
UX Designer,"
You will be working as a UX Designer for one of our clients based in San Mateo, CA. San Mateo, CA...."
Data Visualization Designer,"
A highly-motivated, self-directed, detail-oriented designer who is not afraid to tackle complex assignments; TruValue Labs is looking for a Data Visualization..."
Interactive Designer,"
The Wall Street Journal is seeking a talented digital designer to join its award-winning Graphics team in New York...."
Web Designer,"
The Web Designer position is a full time, digital position. Cumulus Media San Francisco is hiring a full time Web Designer for our stations KNBR, KFOG, 107.7..."
Mobile UI/UX Designer,"
Create UX artifacts in support of product development. Collaborate with product manager (Lead Developer) to define the user interaction and UX features;..."
Design Intern,"
Landor is constantly seeking talent year round for an amazing Graphic Design Intern experience! Landor offers paid internships that will last approximately"
UX Designer (Contractor),"
We currently have an exciting contract opportunity available for a UX designer to be based in our San Francisco office...."
"Interaction Design, UX Mobile-A3 Innovation Labs","Y ou are an experienced product designer in high-growth, small- and medium-sized businesses with a specific focus on building innovative product solutions that..."
Senior UX Designer,"Deeply understand web, mobile, and tablet UX paradigms. In addition to your daily responsibilities you enjoy mentoring junior UX designers and working deeply..."
"Senior User Experience Designer, Salesforce Experience Design","
Develop sound UX concepts, including the definition of customer needs, task analysis, and the creation of personas, storyboards, scenarios, user flows and use..."
Interaction Designer,"
An insurance company in the city is seeking a UX Designer to assist their team. The ideal candidate will have experience with Agile and Lean UX methodologies (i..."
UI / UX Designer,"
1 year as a UI / UX Designer. UI / UX Design:. We are looking to hire a full time UI / UX Designer with at least 1-3 years of experience into our Technology..."
Product Designer,"
Generate design concepts from business objectives and knowledge of current technology and UX best practices. At least 5 years prior UX design, preferably with..."
UX Designer - Contract,"
As a Senior Product Designer you will work with cross functional teams on their web application to add new features, create new user flows, and data..."
Senior Hybrid UX Designer,"
Senior Hybrid UX Designer. Sketch, Illustrator, Interaction design, Visual design, UX, UI. San Francisco, CA...."
UI/UX Engineer,"
Able to clearly communicate design/feature ideas to a designer or developer, or to execute on their own. KQED is looking to build ""best in class"" experiences..."
Experience Design Lead - Digital McKinsey,"
Undergraduate degree in Interaction Design, Interface Design, Human Computer Interaction, Service Design, (Graphic) Design with emphasis on UX or equivalent..."
Staff Product and UX Designer,"
We are looking for an experienced product and UX designer to work on Synopsys Software Integrity Platform. Demonstrable expert in product and UX design...."
Junior Graphic Designer,"
This is the perfect role for a creative, responsible, and detail-oriented graphic designer, who is passionate about print, but can also fulfill essential needs..."
UX Designer - Kindle Digital Products,"Min 6+ years of experience as an UX designer, researcher, or similar role. The UX designer has a deep understanding of HCI practices, UX concept validation and..."
Senior UX Designer,"Deeply understand web, mobile, and tablet UX paradigms. In addition to your daily responsibilities you enjoy mentoring junior UX designers and working deeply..."
"Senior User Experience Designer, Salesforce Experience Design","
Develop sound UX concepts, including the definition of customer needs, task analysis, and the creation of personas, storyboards, scenarios, user flows and use..."
Interaction Designer,"
An insurance company in the city is seeking a UX Designer to assist their team. The ideal candidate will have experience with Agile and Lean UX methodologies (i..."
UI / UX Designer,"
1 year as a UI / UX Designer. UI / UX Design:. We are looking to hire a full time UI / UX Designer with at least 1-3 years of experience into our Technology..."
Product Designer,"
Generate design concepts from business objectives and knowledge of current technology and UX best practices. At least 5 years prior UX design, preferably with..."
UX Designer - Contract,"
As a Senior Product Designer you will work with cross functional teams on their web application to add new features, create new user flows, and data..."
Senior Hybrid UX Designer,"
Senior Hybrid UX Designer. Sketch, Illustrator, Interaction design, Visual design, UX, UI. San Francisco, CA...."
UI/UX Engineer,"
Able to clearly communicate design/feature ideas to a designer or developer, or to execute on their own. KQED is looking to build ""best in class"" experiences..."
Experience Design Lead - Digital McKinsey,"
Undergraduate degree in Interaction Design, Interface Design, Human Computer Interaction, Service Design, (Graphic) Design with emphasis on UX or equivalent..."
Staff Product and UX Designer,"
We are looking for an experienced product and UX designer to work on Synopsys Software Integrity Platform. Demonstrable expert in product and UX design...."
Junior Graphic Designer,"
This is the perfect role for a creative, responsible, and detail-oriented graphic designer, who is passionate about print, but can also fulfill essential needs..."
Principal UX Designer- Relocation Opportunity,The Amazon Video Design and User Experience team is seeking a highly motivated Principle UX Designer to conceive and develop exciting new opportunities to...
Senior UX Designer,"Deeply understand web, mobile, and tablet UX paradigms. In addition to your daily responsibilities you enjoy mentoring junior UX designers and working deeply..."
UX Innovation Senior Staff Designer,"
Visa is looking for a talented senior designer to join our Innovation team. Join a small, dynamic group that conceives and designs new concepts, and plays a..."
UX Design Technologist,"
UX d. Of relevant experience working as an Interaction Designer, UX Software. UX Design Technologist. The Advanced UX Studio is...."
Product Designer Job,"
UX:. You’ll be responsible for all UX, UI and prototyping efforts. We’re looking for a passionate product designer to help the startup teams in our incubator..."
Product Designer,"
You’re familiar with best practices in UX, information architecture, and software product development. We’re looking for a Product Designer to join our team of..."
Senior Experience Designer - Digital McKinsey,"
Undergraduate degree in Interaction Design, Interface Design, Human Computer Interaction, Service Design, (Graphic) Design with emphasis on UX or equivalent..."
"Product Designer, UX","
We are currently seeking a UX focused Product Designer to join our team. Deep understanding and execution of UX and Product Design...."
UX Design Technologist,"
UX d. Of relevant experience working as an Interaction Designer, UX Software. UX Design Technologist. The Advanced UX Studio is...."
Summer 2017 UI/UX Intern - GameSpot,"
S/he will work closely with a fellow designer who will mentor the intern. It will also provide a chance for the intern to work in an environment providing..."
"UX Researcher - Usability Testing, Surveys - Contract","
We’re looking for a stellar researcher with broad experience in UX research and usability testing. Our Client, a leader in the consumer transportation industry..."
Product Designer,"
We’re looking for a world-class product designer to help us continue on our hyper-growth trajectory and shape the future of Talkdesk...."
"Product Marketing Manager, Intelligent Rider Spend","This requires working closely with Product Managers, Engineers, Data Scientists, Designers, UX Researchers, PR, Policy to build and deliver a magical rider..."
Senior UX Designer,"Deeply understand web, mobile, and tablet UX paradigms. In addition to your daily responsibilities you enjoy mentoring junior UX designers and working deeply..."
UX Innovation Senior Staff Designer,"
Visa is looking for a talented senior designer to join our Innovation team. Join a small, dynamic group that conceives and designs new concepts, and plays a..."
UX Design Technologist,"
UX d. Of relevant experience working as an Interaction Designer, UX Software. UX Design Technologist. The Advanced UX Studio is...."
Product Designer Job,"
UX:. You’ll be responsible for all UX, UI and prototyping efforts. We’re looking for a passionate product designer to help the startup teams in our incubator..."
Product Designer,"
You’re familiar with best practices in UX, information architecture, and software product development. We’re looking for a Product Designer to join our team of..."
Senior Experience Designer - Digital McKinsey,"
Undergraduate degree in Interaction Design, Interface Design, Human Computer Interaction, Service Design, (Graphic) Design with emphasis on UX or equivalent..."
"Product Designer, UX","
We are currently seeking a UX focused Product Designer to join our team. Deep understanding and execution of UX and Product Design...."
UX Design Technologist,"
UX d. Of relevant experience working as an Interaction Designer, UX Software. UX Design Technologist. The Advanced UX Studio is...."
Summer 2017 UI/UX Intern - GameSpot,"
S/he will work closely with a fellow designer who will mentor the intern. It will also provide a chance for the intern to work in an environment providing..."
"UX Researcher - Usability Testing, Surveys - Contract","
We’re looking for a stellar researcher with broad experience in UX research and usability testing. Our Client, a leader in the consumer transportation industry..."
Product Designer,"
We’re looking for a world-class product designer to help us continue on our hyper-growth trajectory and shape the future of Talkdesk...."
UX/UI Design Lead,"We're a motley crew of bacon aficionados and vegetarians, celiacs and grain lovers, united in the name of good food. We handpick organic, sustainably sourced"
Senior UX Designer,"Deeply understand web, mobile, and tablet UX paradigms. In addition to your daily responsibilities you enjoy mentoring junior UX designers and working deeply..."
Senior UX Designer,"
Great UX intuition. We’re looking for a talented UX designer to create intuitive interfaces with pixel-perfect detail. Here's the gist:...."
"Senior Visual Designer, UI / UX","
Senior Visual Designer. 5+ years of experience as a visual designer, graphic designer or similar role. We are looking for a Senior Visual Designer with a..."
Lead UX/Marketing Copywriter (contract),"
Writing for usability and interaction while keeping UX design and empathetic writing top of mind. This is a full time, 6-month contract position beginning mid..."
"Sr. Experience Designer, UX - San Francisco","
Experience Designer, UX. 5+ years of experience as a UX designer. Experience Designer, your role is to execute cross-channel design solutions from concept to..."
Aspera User Experience Design/Researcher,"
Support a UX User Council program to encourage customer end-user involvement in our UX efforts; In addition, they must have a strong UX foundational knowledge..."
Sr. Interaction Designer,"
Interaction Designer for our Emeryville, CA. Assist the Head of UX Design in team-related tasks; Interaction Designer role, you will help a disruptive internet..."
Senior User Experience Product Designer,"
As a UX Product Designer you will work closely with Product Managers and Engineering teams to conceptualize, design, and test new features as well as re-imagine..."
Senior Product Designer,"
Product Designer who is able to tie form and function into an elegant interface. An online portfolio with focus on UI, UX and IA for web and mobile technologies..."
Senior Product Designer,"
Senior Product Designer. You bring together solid information architecture, rich iconography, UX patterns, and design language to build the ultimate experience...."
Senior Product Designer,"
You focus on UX and UI, understand how to gather product requirements, incorporate user research, frame the problem, focus on the user and articulate a clear..."
Interaction Designer,We follow a simple but vital premise on UX teams:. The UX team plays an integral part in gathering these insights and then using them to inspire and inform...
Senior UX Designer,"Deeply understand web, mobile, and tablet UX paradigms. In addition to your daily responsibilities you enjoy mentoring junior UX designers and working deeply..."
Senior UX Designer,"
UX designer to join our Innovation team. You are an accomplished UX designer who is fluent with digital experiences across platforms...."
Website & Graphic Design for Nonprofits,"
Our designers build beautiful websites from scratch that tell a story and inspire action—but that’s just the start. Responsibilities include new website"
Lead UX Designer,"
Minimum of 5+ years of experience as a product/UI designer. We are looking for a talented UI Designer to join our team to create amazing user experiences...."
UX Designer,"
Role: UX Designer Location: San Mateo, CA Duration: +12 months Job Responsibilities * Design one or more consumer facing products, with consistent look *..."
UX Design Researcher,"
Designer, UX Researcher, UI/UX Designer, Graphic Designer, Visual Designer, 3D. UX. UX Design Researcher. T-Shaped Designer & Researcher...."
UX Design Researcher,"
Designer, UX Researcher, UI/UX Designer, Graphic Designer, Visual Designer, 3D. UX. As a UX. T-Shaped Designer & Researcher...."
Product Designer,"
There are countless UX challenges and tons of pixels for you to push. We're a close-knit, collaborative group, guided by a highly iterative design process.Role..."
Content Strategist,"
5+ years of experience as a content strategist or UX writer, ideally in tech. Thumbtack is a local services marketplace that connects customers with the right..."
Lead Designer,"
As Lead Designer, you will be. We have large multi-year contracts with the nation’s largest utility providers...."
UX/UI Designer,"
Experience working as a front-end engineer or UX designer. The right candidate will bring experience as a UX/UI Designer working specifically on data-rich..."
Interaction Designer,We follow a simple but vital premise on UX teams:. The UX team plays an integral part in gathering these insights and then using them to inspire and inform...
Senior UX Designer,"Deeply understand web, mobile, and tablet UX paradigms. In addition to your daily responsibilities you enjoy mentoring junior UX designers and working deeply..."
Product Designer (UX/UI),"
Product Designer (UX/UI). LSQ is seeking an exceptionally talented and innovative Product Designer to join the team!..."
Visual User Interface Designer,"
Formal education and experience in visual, interactive, or UX design. We have an exciting opportunity for a Visual User Interface (UI) Designer to join our team..."
UI/ UX Designer,"
Our lifestyle / luxury client needs a Web Designer to join their team! The look and feel is clean, modern and fresh and corporate in nature, and the ideal..."
Visual Designer,"
Understanding of human centered design and UX practices. Interest in partnering with UX designers on user research, journey maps and user flows...."
"Content Strategist, User Experience","
The UX Design team is creating user experiences for customers who shop online on our sites from their desktops and mobile devices...."
Mid-Level Designer,"
Senior-level designer to join us. Crazy-impressive portfolio of design work across UX, web,. Send us an email to jobs@teaksf.com with ""Your Name- Designer"" in..."
UI Developer,"
Working alongside UX designers and Software Engineers you will implement UI designs into fully functioning experiences...."
Senior UI/UX Designer,"
Degree in HCI, Design, or equivalent experience as a UX/Interaction Designer. Collaborate with cross-functional teams to create fresh, logical, readable, and..."
Senior Product Designer,"
Broad experience with UX, visual design, branding, information architecture and usability research. WHO WE ARE...."
Product Designer,"
Well-versed in modern visual and UX patterns, but knows when and how to break out. SchoolMint has an in-depth and complex product to solve all the operational..."
Senior UX Visual Designer,About the Senior UX Visual Designer Position. The Senior UX Visual Designer should have experience with all aspects of UX design from interaction design user...
Senior UX Designer,"Deeply understand web, mobile, and tablet UX paradigms. In addition to your daily responsibilities you enjoy mentoring junior UX designers and working deeply..."
"UX Engineer, Front End","
Work closely with UX designers, project managers and back-end engineers to implement versatile front-end solutions to tricky web development problems...."
Senior Staff Designer,"
Experience launching world class UX solutions for the web and mobile. Develop, Design, and Manage the user experience for Consumer, Issuers, Merchants and..."
Lead Designer,"
Define UX & UI standards and best practices. Expert in mobile UX design (5+ years of experience). Please submit a portfolio that showcases breadth and depth in..."
"Summer 2017 Intern, Designer, Customer Journeys","
Create strong graphic layouts based on directions provided by the Snr Designer or Art Director. The Designer works in parallel with the Senior Designer/Art..."
UI/UX Designer,"
About Highrise: Highrise's mission is to enable friendships through entertainment. We envision a world where everybody belongs, and our first product in"
"UX Designer, Verily Life Sciences","
As a UX Designer at Verily, you will shape the future by designing a wide range of inspiring, accessible, and easy-to-use medical products...."
Sr. UX-UI Designer,"
The Senior UX designer is responsible for creating user interfaces. As a UX designer, you have a big voice in crafting the ultimate money movement experience..."
Visual Designer,"
As a Garage Visual Designer, you will be creating designs that help clients transform how they build apps on the cloud...."
Senior Product Designer,"
5+ years experience in visual or UX design. The Climate Corporation Design Team is seeking a talented mobile and tablet designer...."
Sr. Experience Designer,"
You’re curious about how business, social, technical and behavioral factors impact the UX across customer’s journey inside and outside the product UX...."
Lead UI Engineer,"We're looking for someone who values their craft and is excited to be a part of our collaborative, challenge solving culture. Kiip's mission is to be the"
Senior UX Designer,"Deeply understand web, mobile, and tablet UX paradigms. In addition to your daily responsibilities you enjoy mentoring junior UX designers and working deeply..."
Product Designer,"
Work closely with our product team to improve the experience of Benchling, both UX and UI-wise. We’re seeking a lead product designer who is passionate about..."
Senior Designer,"
4 years of experience as a visual designer, graphic designer or similar role. We are looking for a graphic designer with a strategic brain and the ability to..."
UX Design Developer,"
To learn more about us, please visit our UX team site:. Are you a well-rounded designer looking to join a high-performing Design team where your impact will be..."
Sr. UX Designer,"
You will partner with product and business owners to define UX and design requirements. Mondo, the nation's premier Digital Marketing and IT resourcing agency.*..."
UX Designer,"
This UX designer will be designing user interfaces for both web and mobile, for shopping and engagement...."
UX Designer,"
Amaris is looking for a UX Designer to join our team in the Bay Area. Create new UX concepts that explore key areas of the client’s user journey with a primary..."
UX Designer - Kindle Digital Products,"
Min 6+ years of experience as an UX designer, researcher, or similar role. The UX designer has a deep understanding of HCI practices, UX concept validation and..."
UI/UX Designer,"
As a UI/UX Designer, you will…. Excellent UX, UI, and graphic design skills that you can demonstrate through your portfolio...."
Sr. Product Designer,"
Product Designer to drive the user experience vision for UserTesting. We're looking for a Sr...."
Interaction Design + UX,"
Work closely with UX partners and product managers to ideate and define. The job of a Designer is to envision how people experience our products and bring that..."
UX Designer (HTML/CSS) AMS - Relocation to Amsterdam,"UX Designer (HTML/CSS). You are a successful Designer, but you like to measure your success with data and learn from it every day...."
